,close,high,label,low,open,sma_200,sma_50,volume
2014-08-25,46.1,46.36,EXCELLENT,45.7,46.22,46.45835,41.02820000000003,17548000.0
2014-08-26,48.17,48.2,EXCELLENT,46.04,46.1,46.474700000000006,41.23120000000003,27573100.0
2014-08-27,48.06,48.46,EXCELLENT,47.18,48.24,46.506750000000004,41.43200000000002,26110800.0
2014-08-28,49.43,49.88,EXCELLENT,47.86,47.98,46.53940000000001,41.64580000000003,35030200.0
2014-08-29,49.75,50.35,EXCELLENT,49.13,49.89,46.57865000000001,41.86280000000002,31912200.0
2014-09-02,51.02,51.34,EXCELLENT,49.9,50.02,46.62075000000001,42.09840000000003,28192200.0
2014-09-03,49.33,51.85,EXCELLENT,49.05,51.83,46.643950000000004,42.29460000000003,34366600.0
2014-09-04,50.24,50.86,EXCELLENT,49.22,49.69,46.675250000000005,42.52980000000002,24393700.0
2014-09-05,50.7,50.88,EXCELLENT,49.52,50.09,46.723050000000015,42.75460000000002,20226400.0
2014-09-08,52.0,52.68,VERY GOOD,51.68,51.8,46.77430000000001,42.965800000000016,30796500.0
2014-09-09,50.61,52.4,EXCELLENT,50.22,52.23,46.82210000000002,43.159400000000026,24998900.0
2014-09-10,52.91,53.33,VERY GOOD,51.85,52.11,46.87635000000002,43.398200000000024,37907700.0
2014-09-11,52.64,53.64,VERY GOOD,52.18,52.55,46.934550000000016,43.61000000000002,38055400.0
2014-09-12,52.11,52.82,VERY GOOD,52.02,52.55,46.99980000000002,43.81680000000002,22913800.0
2014-09-15,49.38,51.927,EXCELLENT,47.56,51.6,47.045800000000014,43.97780000000002,38300800.0
2014-09-16,50.83,50.91,EXCELLENT,48.4,48.7,47.09545000000002,44.18980000000002,26705400.0
2014-09-17,50.7,51.6,EXCELLENT,50.1612,50.97,47.14110000000002,44.455600000000025,22845800.0
2014-09-18,50.88,51.88,EXCELLENT,50.53,50.97,47.191600000000015,44.712000000000025,22456700.0
2014-09-19,53.0,53.0,VERY GOOD,50.18,50.78,47.24975000000001,45.01520000000002,38158100.0
2014-09-22,51.94,52.9,VERY GOOD,51.36,52.38,47.29100000000001,45.28740000000003,21687447.0
2014-09-23,52.17,52.56,VERY GOOD,51.02,51.46,47.32375000000001,45.56460000000003,19937154.0
2014-09-24,52.96,53.34,VERY GOOD,52.13,52.55,47.3638,45.86620000000003,17614893.0
2014-09-25,51.45,53.23,VERY GOOD,51.27,52.71,47.375350000000005,46.14660000000003,20997064.0
2014-09-26,51.89,52.61,VERY GOOD,51.7,51.97,47.37485000000001,46.447000000000024,14125293.0
2014-09-29,51.74,52.18,VERY GOOD,50.88,51.09,47.37185,46.740800000000014,15398439.0
2014-09-30,51.58,52.19,VERY GOOD,51.17,52.0,47.353100000000005,47.01140000000001,12289163.0
2014-10-01,50.06,51.29,EXCELLENT,49.15,51.08,47.3084,47.259600000000006,24724755.0
2014-12-16,35.13,36.71,EXCELLENT,35.09,36.5,43.003450000000015,42.917400000000015,19215923.0
2014-12-17,35.57,35.9,EXCELLENT,34.95,35.56,42.90940000000001,42.558200000000014,18544835.0
2014-12-18,36.73,37.27,EXCELLENT,35.95,36.13,42.81890000000001,42.18440000000001,19083321.0
2014-12-19,37.08,37.45,EXCELLENT,36.5,36.7,42.73665000000001,41.820200000000014,16068717.0
2014-12-22,38.43,38.82,EXCELLENT,37.31,37.5,42.65940000000001,41.58080000000001,20064110.0
2014-12-23,37.57,39.25,EXCELLENT,37.46,38.58,42.57715000000001,41.362400000000015,16853410.0
2014-12-24,37.61,38.35,EXCELLENT,37.56,37.67,42.49270000000001,41.14300000000002,6263320.0
2014-12-26,37.6,38.1,EXCELLENT,37.54,37.76,42.41285000000002,40.89520000000002,7316551.0
2014-12-29,36.42,37.51,EXCELLENT,36.38,37.39,42.33535000000002,40.65900000000001,13565360.0
2014-12-30,35.86,36.239,EXCELLENT,35.46,36.02,42.254400000000025,40.40080000000002,19494563.0
2014-12-31,35.87,36.49,EXCELLENT,35.47,35.89,42.17810000000003,40.10420000000001,17650083.0
2015-01-02,36.56,36.74,EXCELLENT,35.5401,36.23,42.10470000000003,39.82280000000001,12046594.0
2015-01-05,36.38,37.11,EXCELLENT,35.64,36.26,42.03600000000002,39.56880000000002,15062744.0
2015-01-06,38.76,39.45,EXCELLENT,36.04,36.27,41.97520000000002,39.350600000000014,33006922.0
2015-01-07,37.28,39.1,EXCELLENT,37.06,39.1,41.91775000000003,39.097200000000015,22656588.0
2015-01-08,39.09,39.19,VERY GOOD,37.09,37.42,41.87380000000003,38.90780000000001,19163771.0
2015-01-09,40.17,40.34,VERY GOOD,38.255,39.22,41.85250000000003,38.835600000000014,24582845.0
2015-01-12,39.37,40.95,VERY GOOD,39.3,40.28,41.81775000000003,38.78140000000001,27617234.0
2015-01-13,39.65,40.35,VERY GOOD,39.23,39.74,41.779500000000034,38.73840000000001,18496097.0
2015-01-14,39.85,40.18,VERY GOOD,38.8,38.89,41.74540000000004,38.70600000000001,16044861.0
2015-01-15,36.93,39.7,EXCELLENT,36.86,39.7,41.69515000000004,38.640400000000014,23007787.0
2015-01-16,37.31,38.13,EXCELLENT,36.85,37.18,41.653050000000036,38.56860000000001,14966077.0
2015-01-20,37.57,38.14,EXCELLENT,36.54,37.59,41.62065000000004,38.51260000000001,17581148.0
2015-01-21,37.83,38.27,EXCELLENT,37.33,37.65,41.59410000000005,38.45240000000001,12171275.0
2015-01-22,39.07,39.25,VERY GOOD,37.55,37.98,41.57720000000004,38.42760000000001,20433688.0
2015-01-23,39.42,39.97,VERY GOOD,38.78,39.48,41.56540000000004,38.42420000000001,16428543.0
2015-01-26,40.1,40.13,VERY GOOD,39.04,39.33,41.55345000000004,38.43440000000001,13822492.0
2015-01-27,38.92,39.61,EXCELLENT,38.377,39.56,41.54135000000004,38.362000000000016,15746411.0
2015-01-28,37.15,38.78,EXCELLENT,37.03,38.43,41.52685000000004,38.304200000000016,22329910.0
2015-01-29,36.68,37.57,EXCELLENT,36.07,37.39,41.50590000000004,38.20080000000002,20050192.0
2015-01-30,37.53,38.15,EXCELLENT,36.41,36.65,41.46595000000004,38.142000000000024,15375644.0
2015-02-02,37.46,38.07,EXCELLENT,36.92,37.7,41.43115000000003,38.07900000000002,13887434.0
2015-02-03,39.79,40.19,VERY GOOD,37.691,38.0,41.40505000000004,38.080600000000025,28395371.0
2015-02-04,40.72,40.83,VERY GOOD,39.82,40.05,41.378000000000036,38.098800000000026,23086858.0
2015-02-05,41.26,43.79,VERY GOOD,40.91,42.04,41.354200000000034,38.123400000000025,61020760.0
2015-02-06,48.01,48.5,GOOD,45.8,46.12,41.364500000000035,38.27980000000002,102943071.0
2015-02-09,47.32,47.69,GOOD,46.5,46.73,41.37700000000004,38.43100000000002,36155251.0
2015-02-10,46.26,47.39,GOOD,45.57,47.35,41.400250000000035,38.53360000000002,32287813.0
2015-02-11,47.5,47.78,GOOD,46.11,46.27,41.434100000000036,38.64880000000002,24721839.0
2015-02-12,47.95,48.45,GOOD,46.88,47.98,41.46075000000003,38.82700000000002,23071572.0
2015-02-13,48.5,48.82,GOOD,47.57,47.93,41.50840000000004,39.01880000000002,20809627.0
2015-02-17,48.03,49.09,GOOD,47.89,48.2,41.55310000000004,39.19820000000002,16659094.0
2015-02-18,47.82,48.79,GOOD,47.36,48.0,41.59710000000004,39.37880000000002,15497207.0
2015-02-19,48.7,48.94,GOOD,47.42,47.84,41.64685000000004,39.58300000000002,18145779.0
2015-02-20,49.11,49.88,GOOD,48.65,48.76,41.733150000000045,39.83940000000002,20733823.0
2015-02-23,48.47,49.24,GOOD,48.35,49.02,41.82220000000004,40.06780000000002,12527258.0
2015-02-24,48.69,49.3,GOOD,48.06,48.33,41.905850000000044,40.31460000000002,11073664.0
2015-02-25,48.55,49.18,GOOD,48.25,48.8,41.98835000000005,40.55160000000002,11663183.0
2015-02-26,49.41,50.01,GOOD,48.64,48.81,42.06570000000004,40.797800000000024,22324979.0
2015-02-27,48.08,49.9,GOOD,47.96,49.19,42.13915000000004,41.022400000000026,14990046.0
2015-03-02,48.15,48.3,GOOD,47.31,48.26,42.21565000000004,41.28280000000002,13423421.0
2015-03-03,47.71,48.8,GOOD,47.435,48.13,42.29035000000003,41.525600000000026,16682052.0
2015-03-04,47.57,47.85,GOOD,46.41,47.51,42.36690000000003,41.742400000000025,14282227.0
2015-03-05,47.35,48.43,GOOD,47.2,47.59,42.443300000000036,41.94780000000002,13511889.0
2015-03-06,46.75,48.07,GOOD,46.57,47.26,42.518200000000036,42.114200000000025,11534904.0
2015-03-09,47.59,48.08,GOOD,47.13,47.22,42.597400000000036,42.31460000000003,13635901.0
2015-03-10,45.84,47.26,GOOD,45.79,47.23,42.66900000000003,42.47920000000003,17289874.0
2015-03-11,46.27,46.74,GOOD,45.13,45.66,42.747850000000035,42.65260000000003,12249614.0
2015-06-02,36.4,36.6,BAD,36.16,36.45,44.419700000000056,44.24280000000001,13119475.0
2015-06-03,37.0,37.17,BAD,36.48,36.51,44.380900000000054,44.013600000000004,14023524.0
2015-06-04,36.71,37.79,BAD,36.51,37.17,44.33885000000005,43.71840000000001,23762920.0
2015-06-05,37.0,37.23,BAD,36.65,36.79,44.29840000000004,43.46840000000001,11854282.0
2015-06-08,36.46,36.98,BAD,36.41,36.91,44.255400000000044,43.19920000000001,11767083.0
2015-06-09,35.88,36.5,BAD,35.565,36.5,44.20925000000004,42.91660000000001,14034468.0
2015-06-10,35.85,36.17,BAD,35.6,36.01,44.15860000000004,42.63580000000001,12634817.0
2015-06-11,35.84,36.17,BAD,35.79,35.92,44.10730000000004,42.35100000000001,20546962.0
2015-06-12,35.9,37.25,BAD,35.55,36.9,44.04595000000004,42.05960000000002,60914449.0
2015-06-15,34.67,35.26,BAD,34.31,35.24,43.97900000000004,41.74460000000002,32932110.0
2015-06-16,34.82,35.2,BAD,33.51,34.23,43.90595000000004,41.42420000000002,49856071.0
2015-06-17,34.69,35.12,BAD,34.17,34.99,43.83065000000004,41.06060000000002,27278532.0
2015-06-18,34.66,35.04,BAD,34.45,34.63,43.74885000000004,40.70780000000002,19432083.0
2015-06-19,35.86,36.28,BAD,34.85,34.97,43.68150000000004,40.38160000000002,33434669.0
2015-06-22,35.55,36.0,BAD,35.34,35.95,43.60805000000004,40.05380000000002,21424055.0
2015-06-23,35.37,36.2,BAD,34.96,35.78,43.53140000000004,39.72880000000002,25891418.0
2015-06-24,35.17,35.75,BAD,35.1,35.4,43.44725000000004,39.40820000000002,13011849.0
2015-06-25,35.17,35.36,BAD,34.965,35.36,43.370050000000035,39.08560000000002,10730930.0
2015-06-26,35.26,35.33,BAD,34.67,34.97,43.28180000000004,38.75020000000002,17354182.0
2015-06-29,34.21,35.0899,BAD,34.15,34.47,43.189650000000036,38.42120000000002,25200193.0
2015-06-30,36.22,36.42,BAD,34.44,34.5,43.110200000000034,38.11760000000002,26095592.0
2015-07-01,35.4,36.11,BAD,35.235,36.05,43.04030000000003,37.79920000000002,23674620.0
2015-07-02,35.72,35.97,BAD,35.1,35.4,42.96475000000003,37.47900000000002,17663959.0
2015-07-06,35.43,35.69,BAD,35.0,35.17,42.888400000000026,37.159400000000026,11300944.0
2015-07-07,35.52,35.72,BAD,34.55,35.35,42.811600000000034,36.85340000000002,14187837.0
2015-07-08,34.76,36.05,BAD,34.67,35.41,42.72040000000003,36.51540000000002,15522331.0
2015-07-09,34.36,35.43,BAD,34.31,35.17,42.632500000000036,36.35720000000002,14099347.0
2015-07-10,34.91,35.12,BAD,34.46,34.68,42.546200000000034,36.285600000000024,10628100.0
2015-07-13,35.78,36.14,BAD,34.75,34.99,42.460300000000046,36.22200000000002,17118202.0
2015-07-14,36.72,38.82,BAD,35.77,35.78,42.38665000000004,36.199600000000025,50073600.0
2015-07-15,35.66,37.09,BAD,35.55,36.66,42.30550000000004,36.15520000000002,18296837.0
2015-07-16,36.1,36.45,BAD,35.75,35.89,42.22730000000004,36.12880000000002,11367681.0
2015-07-17,35.67,36.66,BAD,35.6,36.46,42.147750000000045,36.09700000000002,12818201.0
2015-07-20,35.81,35.99,BAD,35.205,35.75,42.07650000000004,36.05900000000002,9882654.0
2015-07-21,36.63,36.75,BAD,35.71,35.82,42.000400000000035,36.03980000000002,12511468.0
2015-07-22,36.09,36.373,BAD,35.51,36.23,41.911150000000035,36.01540000000002,11753126.0
2015-07-23,36.19,36.73,BAD,35.945,36.0,41.82465000000004,35.989600000000024,10407769.0
2015-07-24,35.42,36.41,BAD,35.3,36.41,41.73410000000003,35.943600000000025,12980732.0
2015-07-27,34.7,35.15,BAD,33.88,35.11,41.63050000000004,35.89100000000003,24629131.0
2015-07-28,36.54,36.67,BAD,34.14,34.7,41.53675000000004,35.879800000000024,55808485.0
2015-07-29,31.24,33.24,BAD,31.06,32.59,41.440950000000036,35.75900000000003,92939850.0
2015-07-30,31.47,31.83,BAD,31.05,31.1,41.35585000000004,35.638400000000026,29389230.0
2015-07-31,31.01,31.62,BAD,30.85,31.38,41.268000000000036,35.52300000000003,18150252.0
2015-08-03,29.27,31.09,BAD,28.69,30.85,41.16440000000004,35.37480000000003,46601373.0
2015-08-04,29.34,29.9,BAD,28.9,29.11,41.06995000000004,35.229600000000026,21900293.0
2015-08-05,28.48,29.5,BAD,28.43,29.41,40.96850000000004,35.06900000000003,21092699.0
2015-08-06,27.54,28.43,BAD,27.23,28.4,40.85270000000005,34.891600000000025,27573806.0
2015-08-07,27.04,27.9,BAD,26.87,27.8,40.73475000000005,34.69580000000003,18392551.0
2015-08-10,29.5,29.63,BAD,27.82,28.09,40.636850000000045,34.55240000000003,42444174.0
2015-08-11,29.62,29.89,BAD,28.53,29.01,40.53660000000004,34.41220000000002,27827588.0
2015-08-12,29.39,29.5,BAD,28.51,29.11,40.43380000000005,34.27200000000002,18582876.0
2015-08-13,28.54,29.6,BAD,28.44,29.6,40.33370000000004,34.10280000000002,14936767.0
2015-08-14,29.06,29.269,BAD,28.45,28.5,40.26010000000005,33.94980000000002,16716347.0
2015-08-17,29.06,29.34,BAD,28.93,29.19,40.19500000000005,33.79100000000002,9557303.0
2015-08-18,28.3,29.0,BAD,28.3,28.91,40.12750000000005,33.627800000000015,9631093.0
2015-08-19,27.61,28.09,BAD,27.16,28.06,40.05820000000005,33.46240000000001,19950623.0
2015-08-20,26.0,27.48,BAD,25.92,27.15,39.98715000000005,33.265400000000014,25257844.0
2015-08-21,25.87,26.735,BAD,25.51,25.65,39.91200000000005,33.06600000000001,23687834.0
2015-08-24,25.17,26.23,BAD,21.01,23.61,39.83600000000005,32.85140000000001,30075621.0
2015-08-25,24.38,26.33,BAD,24.38,26.29,39.75370000000005,32.645600000000016,19893122.0
2015-08-26,25.03,25.29,BAD,23.83,24.8,39.677300000000045,32.44980000000001,20552414.0
2015-08-27,26.46,26.8,BAD,25.24,25.44,39.61165000000005,32.28520000000001,22482733.0
2015-08-28,26.83,26.93,BAD,26.06,26.19,39.54785000000005,32.12860000000001,12406601.0
2015-08-31,27.79,28.49,BAD,27.35,27.64,39.47410000000004,31.967200000000012,30724373.0
2015-09-01,27.03,28.1166,BAD,26.77,27.23,39.40905000000004,31.79680000000001,21114623.0
2015-09-02,27.82,27.825,BAD,26.87,27.45,39.33890000000004,31.645800000000012,14379147.0
2015-09-03,28.3,29.0,BAD,27.81,28.03,39.278050000000036,31.50840000000001,21349227.0
2015-09-04,28.15,28.55,BAD,27.8,27.95,39.21575000000004,31.36800000000001,13537888.0
2015-09-08,27.18,28.2,BAD,27.01,28.15,39.15310000000004,31.206400000000013,19188944.0
2015-09-09,27.18,27.85,BAD,26.42,27.17,39.08995000000004,31.065800000000014,19349852.0
2015-09-10,27.71,27.83,BAD,26.95,27.07,39.02835000000004,30.895600000000012,11228289.0
2015-09-11,27.39,27.65,BAD,27.17,27.63,38.964350000000046,30.735400000000013,8818538.0
2015-09-14,26.9,27.55,BAD,26.795,27.21,38.90005000000004,30.559000000000015,11564018.0
2015-09-15,27.17,27.55,BAD,27.0,27.04,38.83025000000004,30.393800000000013,10166742.0
2015-09-16,27.75,28.0,BAD,27.0,27.14,38.76030000000004,30.238400000000016,13303030.0
2015-09-17,27.41,27.93,BAD,27.03,27.54,38.702150000000046,30.091400000000018,13073231.0
2015-09-18,27.96,28.25,BAD,26.99,27.04,38.64740000000004,29.96340000000002,17505272.0
2015-09-21,27.38,28.09,BAD,27.1899,27.98,38.58900000000004,29.81280000000002,10518122.0
2015-09-22,26.83,27.48,BAD,26.62,27.05,38.52920000000004,29.63380000000002,13445786.0
2015-09-23,26.79,27.28,BAD,26.575,26.97,38.47070000000004,29.43520000000002,10840010.0
2015-09-24,26.6,26.64,BAD,25.3979,26.51,38.42225000000005,29.254000000000016,21338355.0
2015-09-25,25.29,26.91,BAD,25.14,26.84,38.36345000000004,29.037800000000015,14551597.0
2015-09-28,25.26,25.61,BAD,24.6,24.96,38.30800000000004,28.829600000000013,17368089.0
2015-09-29,25.59,25.76,BAD,24.915,25.23,38.252450000000046,28.625200000000014,13419841.0
2015-09-30,26.94,27.33,BAD,25.88,25.94,38.20165000000004,28.43140000000001,25208210.0
2015-10-01,24.68,26.84,BAD,24.65,26.47,38.14080000000004,28.203200000000017,30907932.0
2015-10-02,26.31,26.48,BAD,24.34,24.5,38.09670000000004,28.005600000000012,23529033.0
2015-10-05,28.15,28.25,BAD,26.33,26.99,38.05960000000004,27.860200000000013,30994824.0
2015-10-06,27.62,28.4,BAD,26.75,28.16,38.01405000000004,27.71860000000001,31282685.0
2015-10-07,29.83,29.95,BAD,28.01,28.35,37.977800000000045,27.58440000000001,34739534.0
2015-10-08,30.32,31.5,BAD,29.03,29.57,37.93725000000004,27.56600000000001,36431756.0
2015-10-09,30.85,31.41,BAD,30.28,30.9,37.90365000000004,27.553600000000007,27453628.0
2015-10-12,28.75,30.77,BAD,28.6,30.3,37.85935000000004,27.508400000000005,30619463.0
2015-10-13,29.06,30.68,BAD,28.84,29.55,37.816650000000045,27.504200000000004,45783154.0
2015-10-14,29.38,29.82,BAD,28.38,29.46,37.78145000000004,27.50500000000001,27533489.0
2015-10-15,29.71,30.28,BAD,29.01,29.46,37.750700000000045,27.52960000000001,15838856.0
2015-10-16,31.15,31.4,BAD,29.36,30.08,37.72710000000004,27.60180000000001,44493231.0
2015-10-19,30.91,31.6,BAD,30.57,31.15,37.69885000000004,27.679200000000016,23958109.0
2015-10-20,30.91,31.39,BAD,30.41,30.94,37.671500000000044,27.707400000000018,15824434.0
2015-10-21,29.3,29.66,BAD,28.65,29.5,37.624200000000044,27.70100000000002,30711843.0
2015-10-22,29.15,29.8,BAD,28.74,29.24,37.58355000000004,27.69620000000002,17411730.0
2015-10-23,30.28,30.72,BAD,29.61,29.97,37.53950000000004,27.731000000000016,19855746.0
2015-10-26,30.89,31.22,BAD,30.48,30.63,37.49310000000004,27.76760000000002,16787022.0
2015-10-27,31.34,31.87,BAD,30.65,31.02,37.452950000000044,27.81320000000002,44004296.0
2015-10-28,30.87,31.34,BAD,27.76,28.13,37.40905000000004,27.864600000000017,88951677.0
2015-10-29,29.06,30.7,BAD,28.93,30.58,37.35510000000004,27.89360000000002,33651189.0
2015-10-30,28.46,29.57,BAD,28.35,29.13,37.312750000000044,27.94280000000002,21933119.0
2015-11-02,29.2,29.29,BAD,28.05,28.54,37.27220000000004,28.009400000000024,18537636.0
2015-11-03,29.13,29.63,BAD,29.04,29.09,37.23000000000004,28.088600000000024,16684173.0
2015-11-04,29.36,30.15,BAD,29.23,29.36,37.18765000000004,28.18820000000002,18763234.0
2015-11-05,28.66,29.55,BAD,28.45,29.47,37.13560000000004,28.26080000000002,15513804.0
2015-11-06,28.28,28.7,BAD,28.05,28.58,37.07990000000004,28.29720000000002,13565820.0
2015-11-09,27.09,28.21,BAD,26.68,28.07,37.01485000000004,28.30240000000002,25609002.0
2015-11-10,27.05,27.17,BAD,26.25,26.81,36.955500000000036,28.28760000000002,16543698.0
2015-11-11,26.5,27.14,BAD,26.37,27.08,36.90225000000004,28.277000000000022,12777186.0
2015-11-12,26.13,26.61,BAD,25.85,26.08,36.84950000000004,28.243200000000023,12565961.0
2015-11-13,25.18,26.16,BAD,25.16,25.89,36.787750000000045,28.180800000000026,14298190.0
2015-11-16,25.41,25.7756,BAD,25.0,25.33,36.72750000000004,28.126000000000026,12253053.0
2015-11-17,25.23,25.69,BAD,24.9,25.54,36.65470000000004,28.087000000000025,13253933.0
2015-11-18,25.9,26.0901,BAD,25.16,25.17,36.58060000000003,28.061400000000027,13960224.0
2015-11-19,26.32,26.58,BAD,25.93,25.94,36.50590000000003,28.033600000000025,14219941.0
2015-11-20,26.27,26.695,BAD,26.03,26.32,36.39720000000003,28.01120000000002,10827038.0
2015-11-23,25.2,26.27,BAD,25.02,26.11,36.286600000000035,27.97720000000002,18145596.0
2015-11-24,25.52,25.55,BAD,25.02,25.17,36.18290000000004,27.94420000000002,10414030.0
2015-11-25,26.06,26.4099,BAD,25.59,25.62,36.07570000000004,27.910400000000017,13063750.0
2015-11-27,25.75,26.07,BAD,25.67,25.98,35.964700000000036,27.877200000000016,4179967.0
2015-11-30,25.4,25.82,BAD,25.06,25.78,35.84920000000004,27.82600000000002,17893920.0
2015-12-01,25.53,25.58,BAD,25.0,25.39,35.736700000000035,27.789000000000016,14784589.0
2015-12-02,25.4,25.72,BAD,25.17,25.31,35.62460000000004,27.76040000000002,11843036.0
2015-12-03,25.9,26.06,BAD,24.91,25.48,35.51060000000004,27.74260000000002,23838904.0
2015-12-04,25.02,25.85,BAD,25.01,25.81,35.39015000000004,27.711000000000023,16799319.0
2015-12-07,24.46,25.16,BAD,24.13,24.99,35.27010000000004,27.694400000000023,16860824.0
2015-12-08,24.99,25.1,BAD,23.54,24.04,35.15160000000004,27.689000000000025,23617425.0
2015-12-09,24.31,24.98,BAD,24.19,24.98,35.03040000000004,27.663400000000024,14683738.0
2015-12-10,25.91,26.25,BAD,24.34,24.36,34.91290000000004,27.642800000000026,28250851.0
2015-12-11,24.84,26.2,BAD,24.8,25.91,34.796700000000044,27.646000000000022,23021236.0
2015-12-14,24.92,24.94,BAD,23.7,24.68,34.680550000000046,27.618200000000023,18097620.0
2015-12-15,23.95,24.69,BAD,23.7,24.52,34.561750000000046,27.534200000000023,23106575.0
2015-12-16,24.3,24.48,BAD,23.8,23.96,34.44540000000004,27.467800000000025,24059314.0
2015-12-17,23.31,24.75,BAD,23.29,24.47,34.325200000000045,27.337400000000024,17879207.0
2015-12-18,22.99,23.44,BAD,22.66,23.35,34.206400000000045,27.190800000000028,23028484.0
2015-12-21,22.14,23.04,BAD,21.99,23.02,34.07915000000005,27.01660000000003,22892416.0
2015-12-22,22.56,22.67,BAD,22.09,22.26,33.96275000000005,26.89280000000003,13689532.0
2015-12-23,22.67,22.95,BAD,22.37,22.68,33.84475000000005,26.765000000000033,13160380.0
2015-12-24,22.97,23.06,BAD,22.55,22.7,33.72425000000005,26.63680000000003,7910740.0
2015-12-28,22.53,23.32,BAD,22.5,22.9,33.60360000000005,26.49320000000003,13724952.0
2015-12-29,22.47,22.82,BAD,22.31,22.63,33.483800000000045,26.319600000000026,11195442.0
2015-12-30,22.23,22.94,BAD,22.21,22.45,33.360300000000045,26.146000000000026,15310280.0
2015-12-31,23.14,23.28,BAD,22.15,22.17,33.240000000000045,25.990600000000025,19468865.0
2016-01-04,22.56,22.84,BAD,22.11,22.64,33.11315000000005,25.855800000000027,15305586.0
2016-01-05,21.92,23.0,BAD,21.85,22.79,32.98055000000005,25.711200000000026,16977890.0
2016-01-06,21.39,22.18,BAD,21.18,21.62,32.84520000000005,25.53340000000003,14015289.0
2016-01-07,20.26,21.48,BAD,20.198,21.0,32.68915000000005,25.320800000000027,20732692.0
2016-01-08,19.98,20.72,GOOD,19.6,20.51,32.54155000000005,25.093600000000027,21801016.0
2016-01-11,19.65,20.2,GOOD,19.26,20.12,32.39020000000004,24.86920000000003,21325297.0
2016-01-12,19.62,20.41,GOOD,19.32,19.87,32.23825000000004,24.68040000000003,14588416.0
2016-01-13,18.68,19.76,GOOD,18.47,19.7,32.08220000000004,24.484800000000032,35875957.0
2016-01-14,19.0,19.16,GOOD,17.27,18.55,31.926800000000043,24.28080000000003,37104131.0
2016-01-15,17.94,18.53,GOOD,17.61,18.23,31.76415000000004,24.05700000000003,24587659.0
2016-01-19,16.69,18.18,VERY GOOD,16.43,18.18,31.595500000000037,23.80360000000003,24225305.0
2016-01-20,17.38,19.04,VERY GOOD,15.48,16.16,31.42820000000004,23.578000000000035,69155313.0
2016-01-21,17.83,18.32,GOOD,16.8,17.44,31.25300000000004,23.36900000000003,26328916.0
2016-01-22,17.84,18.56,GOOD,17.73,18.29,31.08070000000004,23.184000000000033,15577248.0
2016-01-25,17.02,17.45,VERY GOOD,16.51,16.8,30.90495000000004,22.98340000000003,33632284.0
2016-01-26,17.01,17.28,VERY GOOD,16.4,17.22,30.730300000000042,22.793600000000033,22103284.0
2016-01-27,16.78,17.62,VERY GOOD,16.77,17.01,30.556100000000043,22.60660000000003,16793257.0
2016-01-28,16.49,17.34,VERY GOOD,16.45,17.21,30.38255000000004,22.43280000000003,16819403.0
2016-01-29,16.8,17.07,VERY GOOD,16.51,16.64,30.21005000000004,22.260600000000025,16877972.0
2016-02-01,17.91,18.77,GOOD,17.3,17.89,30.03945000000004,22.11420000000003,49967839.0
2016-02-02,16.08,17.27,VERY GOOD,16.01,17.22,29.866550000000043,21.917800000000025,31796837.0
2016-02-03,16.56,16.74,VERY GOOD,15.55,16.33,29.692350000000047,21.722600000000025,24298904.0
2016-02-04,16.91,17.175,VERY GOOD,16.29,16.4,29.52030000000005,21.535400000000028,18269587.0
2016-02-05,15.72,16.64,VERY GOOD,15.62,16.61,29.34025000000005,21.345800000000025,24057572.0
2016-02-08,14.9,15.55,EXCELLENT,14.73,15.51,29.157700000000048,21.13340000000003,24932812.0
2016-02-09,14.4,15.545,EXCELLENT,14.31,14.62,28.97560000000005,20.90020000000003,26784596.0
2016-02-10,14.98,15.28,EXCELLENT,14.52,14.55,28.792200000000047,20.68480000000003,40826148.0
2016-02-11,14.31,14.79,EXCELLENT,13.91,14.07,28.652400000000046,20.463000000000033,38622304.0
2016-02-12,15.88,15.94,VERY GOOD,14.53,14.54,28.53935000000005,20.27000000000003,35637522.0
2016-02-16,16.36,16.4,VERY GOOD,15.67,16.09,28.42635000000005,20.08920000000003,17273639.0
2016-02-17,17.46,17.6,VERY GOOD,16.43,16.47,28.32445000000005,19.920400000000033,25793189.0
2016-02-18,18.43,18.55,GOOD,17.52,18.1,28.22720000000005,19.78860000000003,34553117.0
2016-02-19,18.31,18.88,GOOD,17.77,18.16,28.13165000000005,19.66560000000003,23996087.0
2016-02-22,18.3,18.675,GOOD,17.76,18.62,28.03685000000005,19.53180000000003,25005651.0
2016-02-23,18.3,18.96,GOOD,18.1,18.56,27.93980000000005,19.41160000000003,25754714.0
2016-02-24,18.0,18.09,GOOD,17.11,18.0,27.84185000000005,19.253400000000028,26678532.0
2016-02-25,17.59,17.95,GOOD,17.31,17.93,27.74325000000005,19.108400000000028,22354319.0
2016-02-26,17.94,18.03,GOOD,17.4975,17.72,27.64555000000005,18.96880000000003,16337799.0
2016-02-29,18.12,18.57,GOOD,17.78,17.96,27.547550000000047,18.85220000000003,17393560.0
2016-03-01,17.85,18.48,GOOD,17.59,18.47,27.45015000000005,18.72320000000003,19325629.0
2016-03-02,18.54,18.74,GOOD,17.715,17.85,27.357350000000046,18.627800000000033,17203664.0
2016-03-03,19.31,19.44,GOOD,18.48,18.53,27.26750000000005,18.55420000000003,23234493.0
2016-03-04,19.36,20.32,GOOD,19.06,19.45,27.17680000000005,18.49860000000003,30094802.0
2016-03-07,19.17,19.73,GOOD,18.77,19.11,27.08875000000005,18.43080000000003,19724146.0
2016-03-08,18.33,19.15,GOOD,18.33,19.1,26.99700000000005,18.344000000000033,16345701.0
2016-03-09,17.66,18.74,GOOD,17.52,18.61,26.902300000000047,18.237800000000032,21543932.0
2016-03-10,16.61,17.7719,VERY GOOD,16.38,17.69,26.802800000000044,18.11940000000003,33192014.0
2016-03-11,16.81,16.94,VERY GOOD,16.46,16.77,26.704800000000045,18.00620000000003,21486002.0
2016-03-14,17.12,17.32,VERY GOOD,16.79,16.81,26.606250000000045,17.904000000000032,16520464.0
2016-03-15,16.19,17.04,VERY GOOD,16.14,17.0,26.503850000000043,17.765000000000033,19717491.0
2016-03-16,16.7,16.77,VERY GOOD,16.13,16.33,26.404200000000042,17.647800000000032,24783644.0
2016-03-17,16.85,17.147,VERY GOOD,16.62,16.65,26.306450000000044,17.546400000000034,17042161.0
2016-03-18,16.85,17.38,VERY GOOD,16.76,17.08,26.205700000000046,17.455600000000036,21151481.0
2016-03-21,16.89,17.05,VERY GOOD,16.68,16.83,26.10660000000005,17.388200000000037,12551861.0
2016-03-22,16.86,17.01,VERY GOOD,16.7,16.75,26.005900000000047,17.325800000000037,9559593.0
2016-03-23,16.01,16.91,VERY GOOD,16.01,16.86,25.90365000000005,17.253000000000036,17974399.0
2016-03-24,15.91,15.988,VERY GOOD,15.565,15.94,25.803800000000045,17.178800000000034,14887215.0
2016-03-28,15.6,16.005,VERY GOOD,15.4,15.98,25.702550000000045,17.117200000000036,14126365.0
2016-03-29,15.97,15.99,VERY GOOD,15.33,15.69,25.603200000000047,17.05660000000004,17020241.0
2016-03-30,16.36,16.72,VERY GOOD,16.01,16.16,25.505500000000048,17.025000000000038,19364293.0
2016-03-31,16.55,16.84,VERY GOOD,16.21,16.4,25.41490000000005,17.022200000000034,18882700.0
2016-04-01,15.98,16.43,VERY GOOD,15.83,16.41,25.32070000000005,16.994200000000035,20998299.0
2016-04-04,17.09,17.5403,VERY GOOD,15.96,16.0,25.23270000000005,16.979400000000034,38236471.0
2016-04-05,17.05,17.83,VERY GOOD,16.89,17.59,25.144650000000052,16.96360000000003,41686472.0
2016-04-06,17.26,17.48,VERY GOOD,16.9,17.12,25.051650000000055,16.968400000000035,23112794.0
2016-04-07,16.98,17.59,VERY GOOD,16.85,16.88,24.95880000000005,16.967800000000032,23295678.0
2016-04-08,16.65,17.25,VERY GOOD,16.41,17.12,24.86520000000005,16.965200000000035,18674780.0
2016-04-11,16.51,16.98,VERY GOOD,16.41,16.74,24.771900000000052,16.965600000000034,14197815.0
2016-04-12,16.57,16.77,VERY GOOD,16.15,16.5,24.67890000000005,16.961000000000034,14935630.0
2016-04-13,17.37,17.4,VERY GOOD,16.68,16.68,24.589450000000046,16.950200000000038,22639265.0
2016-04-14,17.53,17.7,GOOD,17.14,17.38,24.506050000000045,16.979200000000034,16213177.0
2016-04-15,17.58,17.91,GOOD,17.31,17.52,24.412850000000045,16.999600000000036,16346827.0
2016-04-18,17.31,17.72,VERY GOOD,17.06,17.71,24.322400000000048,17.007600000000036,17293730.0
2016-04-19,16.92,17.39,VERY GOOD,16.68,17.37,24.228400000000047,17.031600000000036,24780692.0
2016-04-20,17.4,17.52,VERY GOOD,16.9,16.94,24.138250000000042,17.081600000000034,17764285.0
2016-04-21,17.51,17.77,VERY GOOD,17.42,17.48,24.048200000000044,17.143800000000034,13601574.0
2016-04-22,17.23,17.51,VERY GOOD,17.02,17.33,23.96055000000004,17.188800000000036,14852523.0
2016-04-25,17.09,17.75,VERY GOOD,16.88,17.2,23.87420000000004,17.244400000000038,18992691.0
2016-04-26,17.75,17.98,GOOD,17.08,17.21,23.788400000000042,17.281800000000036,44275458.0
2016-04-27,14.86,15.28,EXCELLENT,14.81,15.15,23.68380000000004,17.25180000000004,84769425.0
2016-04-28,14.64,15.09,EXCELLENT,14.62,14.85,23.573400000000042,17.195400000000035,34776386.0
2016-04-29,14.62,14.93,EXCELLENT,14.32,14.7,23.468200000000042,17.11920000000004,26873541.0
2016-05-02,14.4,14.77,EXCELLENT,14.17,14.73,23.35970000000004,17.04100000000004,26129215.0
2016-05-03,14.01,14.25,EXCELLENT,13.9,14.22,23.25140000000004,16.955200000000037,26027967.0
2016-05-04,14.84,14.878,EXCELLENT,13.92,13.95,23.146550000000037,16.88600000000004,41673511.0
2016-05-05,14.12,14.98,EXCELLENT,14.08,14.93,23.034000000000038,16.80840000000004,29102951.0
2016-05-06,14.4,14.4,EXCELLENT,13.98,14.12,22.925550000000033,16.744600000000037,21204753.0
2016-05-09,14.2,14.47,EXCELLENT,14.15,14.28,22.815600000000035,16.669800000000038,11458944.0
2016-05-10,14.63,14.69,EXCELLENT,14.16,14.17,22.711650000000034,16.600000000000037,14589898.0
2016-05-11,14.59,14.86,EXCELLENT,14.44,14.61,22.611100000000036,16.53480000000004,13788481.0
2016-05-12,14.08,14.68,EXCELLENT,14.0,14.63,22.49880000000004,16.44560000000004,19838725.0
2016-05-13,14.1,14.28,EXCELLENT,14.0,14.06,22.41310000000004,16.341400000000043,12706830.0
2016-05-16,14.29,14.37,EXCELLENT,14.06,14.09,22.32720000000004,16.24000000000004,11578612.0
2016-05-17,14.34,14.59,EXCELLENT,14.13,14.21,22.243850000000037,16.143400000000042,15578201.0
2016-05-18,14.14,14.57,EXCELLENT,14.05,14.35,22.168200000000038,16.059600000000042,14290137.0
2016-05-19,14.15,14.305,EXCELLENT,14.04,14.15,22.092250000000035,15.98940000000004,15882219.0
2016-05-20,14.43,14.51,EXCELLENT,14.16,14.2,22.022000000000038,15.945800000000041,18485309.0
2016-05-23,14.41,14.6,EXCELLENT,14.3301,14.4,21.95635000000004,15.897800000000041,12897379.0
2016-05-24,14.03,14.22,EXCELLENT,13.725,14.22,21.891300000000037,15.83600000000004,36214274.0
2016-05-25,14.41,14.57,EXCELLENT,14.06,14.07,21.815850000000037,15.800400000000039,23181782.0
2016-05-26,14.3,14.48,EXCELLENT,14.19,14.45,21.739250000000037,15.752400000000037,21104050.0
2016-05-27,15.1,15.1,EXCELLENT,14.23,14.25,21.66780000000004,15.717400000000037,28355110.0
2016-05-31,15.22,15.49,EXCELLENT,15.08,15.12,21.60120000000004,15.684800000000036,24292612.0
2016-06-01,15.02,15.17,EXCELLENT,14.62,15.1,21.53100000000004,15.647400000000037,18247713.0
2016-06-02,15.2,15.26,EXCELLENT,14.8463,15.04,21.461700000000036,15.614200000000038,13186085.0
2016-06-03,15.2,15.3489,EXCELLENT,14.96,15.11,21.396200000000036,15.598000000000038,15492922.0
2016-06-06,15.27,15.45,EXCELLENT,15.18,15.22,21.334500000000038,15.585200000000038,13760216.0
2016-06-07,15.0,15.37,EXCELLENT,14.91,15.36,21.279500000000038,15.573200000000037,16517978.0
2016-06-08,14.95,15.12,EXCELLENT,14.81,15.07,21.224900000000037,15.552800000000039,12991012.0
2016-06-09,14.6,14.8595,EXCELLENT,14.59,14.84,21.17205000000004,15.517600000000039,12378823.0
2016-06-10,14.02,14.45,EXCELLENT,14.0,14.45,21.12025000000004,15.46700000000004,22092785.0
2016-06-13,14.55,15.3,EXCELLENT,14.505,14.63,21.067850000000043,15.438400000000037,43101133.0
2016-06-14,15.36,15.42,EXCELLENT,14.8,14.82,21.01235000000004,15.403800000000038,37339618.0
2016-06-15,15.96,16.44,VERY GOOD,15.71,15.71,20.95800000000004,15.382000000000039,53519973.0
2016-06-16,15.87,15.95,VERY GOOD,15.4,15.9,20.89840000000004,15.35420000000004,23602807.0
2016-06-17,16.1,16.3689,VERY GOOD,15.96,16.16,20.843750000000046,15.33660000000004,32254067.0
2016-06-20,16.34,16.64,VERY GOOD,16.15,16.34,20.78635000000005,15.33040000000004,22876114.0
2016-06-21,16.32,16.56,VERY GOOD,16.17,16.48,20.726450000000046,15.326600000000042,15045392.0
2016-06-22,16.13,16.32,VERY GOOD,16.045,16.27,20.666350000000048,15.317800000000041,13743145.0
2016-06-23,17.04,17.07,VERY GOOD,16.28,16.3,20.615650000000045,15.31120000000004,25262190.0
2016-06-24,16.44,16.9,VERY GOOD,16.2,16.24,20.561950000000042,15.289400000000041,31528500.0
2016-06-27,15.84,16.4,VERY GOOD,15.46,16.29,20.502600000000044,15.25460000000004,23546607.0
2016-06-28,16.42,16.64,VERY GOOD,16.16,16.24,20.447750000000045,15.236800000000041,18689040.0
2016-06-29,16.83,17.01,VERY GOOD,16.43,16.6,20.397400000000047,15.235000000000044,18235982.0
2016-06-30,16.91,17.0,VERY GOOD,16.73,16.8,20.346100000000046,15.225200000000044,14111037.0
2016-07-01,17.28,17.5,VERY GOOD,16.9,16.93,20.29375000000005,15.220600000000042,20724755.0
2016-07-05,17.14,17.28,VERY GOOD,16.76,17.25,20.242400000000046,15.218800000000043,15709666.0
2016-07-06,17.2,17.34,VERY GOOD,16.81,17.02,20.188600000000047,15.221000000000043,15659886.0
2016-07-07,17.37,17.675,VERY GOOD,17.24,17.24,20.138550000000045,15.213400000000043,13492885.0
2016-07-08,18.08,18.1649,GOOD,17.47,17.53,20.094800000000046,15.277800000000044,24883974.0
2016-07-11,17.71,17.88,GOOD,17.52,17.59,20.049400000000045,15.339200000000044,24029857.0
2016-07-12,18.1,18.38,GOOD,17.92,17.98,20.006900000000044,15.408800000000044,23783804.0
2016-07-13,17.74,18.32,GOOD,17.5,18.21,19.969150000000045,15.475600000000044,17916199.0
2016-07-14,17.96,18.28,GOOD,17.911,18.02,19.932650000000045,15.554600000000045,19553421.0
2016-07-15,18.08,18.18,GOOD,17.81,17.98,19.895100000000042,15.619400000000047,17363591.0
2016-07-18,18.65,18.75,GOOD,18.05,18.29,19.853650000000044,15.710000000000045,29701125.0
2016-07-19,18.33,18.895,GOOD,18.27,18.51,19.821900000000042,15.788600000000047,27276664.0
2016-07-20,18.56,18.76,GOOD,18.45,18.52,19.783150000000045,15.875800000000044,15026338.0
2016-07-21,18.39,18.8,GOOD,18.35,18.57,19.734350000000042,15.951000000000045,13928228.0
2016-07-22,18.37,18.3893,GOOD,17.76,18.12,19.68810000000004,16.026600000000045,19639487.0
2016-07-25,18.65,18.7,GOOD,18.17,18.43,19.632200000000044,16.11800000000004,21453271.0
2016-07-26,18.45,18.65,GOOD,18.164,18.52,19.57285000000004,16.205000000000044,43865915.0
2016-07-27,15.77,16.59,VERY GOOD,15.69,16.34,19.497450000000043,16.234600000000043,83100546.0
2016-07-28,16.31,16.34,VERY GOOD,15.88,15.89,19.435250000000043,16.274000000000044,31442403.0
2016-07-29,16.64,16.74,VERY GOOD,16.24,16.39,19.37315000000004,16.32400000000004,26015428.0
2016-08-01,16.64,16.85,VERY GOOD,16.4,16.65,19.30945000000004,16.373800000000042,26025346.0
2016-08-02,16.42,16.7,VERY GOOD,16.2,16.61,19.24300000000004,16.41360000000004,16611322.0
2016-08-03,17.61,17.88,GOOD,16.33,16.34,19.17530000000004,16.47760000000004,55584629.0
2016-08-04,18.13,18.31,GOOD,17.36,17.57,19.111400000000042,16.559600000000042,33100532.0
2016-08-05,18.26,18.58,GOOD,18.14,18.19,19.048150000000042,16.636600000000044,22811743.0
2016-08-08,18.2,18.48,GOOD,17.935,18.25,18.99265000000004,16.714600000000047,15485126.0
2016-08-09,18.68,18.79,GOOD,17.971,18.17,18.94030000000004,16.786200000000044,19311410.0
2016-08-10,19.04,19.57,GOOD,18.56,18.67,18.88410000000004,16.862600000000043,28645020.0
2016-08-11,19.78,19.83,GOOD,19.1138,19.17,18.828550000000043,16.95780000000004,30959549.0
2016-08-12,19.54,19.71,GOOD,19.01,19.71,18.76955000000004,17.04460000000004,28380207.0
2016-08-15,20.86,21.1,BAD,19.83,19.85,18.719500000000043,17.15780000000004,58856771.0
2016-08-16,20.4,20.79,BAD,20.29,20.78,18.67620000000004,17.26040000000004,23527718.0
2016-08-17,20.17,20.44,BAD,19.9,20.43,18.634750000000043,17.36380000000004,22755659.0
2016-08-18,19.0,19.6,GOOD,18.92,19.56,18.583750000000045,17.44480000000004,47582533.0
2016-08-19,18.98,19.31,GOOD,18.76,18.96,18.533000000000044,17.532400000000038,17009616.0
2016-08-22,18.55,18.96,GOOD,18.52,18.95,18.478950000000044,17.623000000000037,17497567.0
2016-08-23,18.69,18.93,GOOD,18.65,18.65,18.429100000000044,17.70580000000004,14075873.0
2016-08-24,18.25,18.97,GOOD,18.2,18.8,18.378950000000042,17.76360000000004,16756484.0
2016-08-25,18.32,18.65,GOOD,18.23,18.33,18.335100000000043,17.81080000000004,13256882.0
2016-08-26,18.3,18.53,GOOD,18.1,18.4,18.291350000000044,17.85940000000004,11225899.0
2016-08-29,18.47,18.55,GOOD,18.3,18.39,18.251200000000043,17.90680000000004,11409168.0
2016-08-30,18.38,18.69,GOOD,18.32,18.59,18.212450000000043,17.947600000000037,8895546.0
2016-08-31,19.21,19.6,GOOD,18.38,18.39,18.182600000000043,18.005400000000037,34222625.0
2016-09-01,19.5,20.14,GOOD,19.27,19.37,18.153050000000043,18.07280000000004,39755902.0
2016-09-02,19.55,19.87,GOOD,19.35,19.62,18.124650000000045,18.123000000000037,19866170.0
2017-02-09,16.41,18.72,VERY GOOD,16.26,18.72,17.57445000000004,17.558200000000035,109299298.0
2017-02-10,15.58,16.0,EXCELLENT,15.5,15.96,17.57805000000004,17.506000000000036,73061193.0
2017-02-13,15.81,15.99,EXCELLENT,15.51,15.63,17.58390000000004,17.452400000000033,29143701.0
2017-02-14,16.52,16.6,VERY GOOD,15.85,15.92,17.59340000000004,17.422200000000036,34894264.0
2017-02-15,16.74,16.89,VERY GOOD,16.3,16.85,17.60510000000004,17.398400000000034,35204804.0
2017-02-16,16.35,16.79,VERY GOOD,16.32,16.69,17.616800000000037,17.360800000000037,21636195.0
2017-02-17,16.62,16.63,VERY GOOD,16.36,16.36,17.625700000000037,17.328600000000037,14372892.0
2017-02-21,16.42,16.69,VERY GOOD,16.3,16.64,17.637200000000036,17.267400000000034,16004916.0
2017-02-22,16.08,16.51,VERY GOOD,16.01,16.4,17.645600000000037,17.196200000000037,13606184.0
2017-02-23,16.03,16.27,VERY GOOD,15.9,16.12,17.65475000000004,17.123800000000035,15304539.0
2017-02-24,15.98,15.99,VERY GOOD,15.85,15.95,17.661500000000036,17.064800000000037,9133860.0
2017-02-27,16.06,16.13,VERY GOOD,15.72,15.93,17.668850000000035,16.998600000000035,13640298.0
2017-02-28,15.77,16.04,EXCELLENT,15.74,16.0,17.677300000000038,16.935400000000037,10857893.0
2017-03-01,15.79,15.9,EXCELLENT,15.59,15.87,17.685750000000038,16.875400000000035,18165341.0
2017-03-02,15.79,16.0,EXCELLENT,15.72,15.77,17.693250000000038,16.818600000000036,12397694.0
2017-03-03,15.75,16.1,EXCELLENT,15.68,15.84,17.700300000000038,16.768800000000034,15194477.0
2017-03-06,15.56,15.78,EXCELLENT,15.5,15.75,17.707400000000035,16.721600000000034,11463950.0
2017-03-07,15.18,15.73,EXCELLENT,15.16,15.52,17.712550000000036,16.683600000000034,16675226.0
2017-03-08,15.24,15.36,EXCELLENT,15.08,15.19,17.716600000000035,16.660200000000035,12657128.0
2017-03-09,15.22,15.39,EXCELLENT,15.03,15.24,17.720650000000035,16.634600000000034,10963474.0
2017-03-10,15.12,15.27,EXCELLENT,14.94,15.23,17.726100000000034,16.604800000000033,13691731.0
2017-03-13,15.21,15.27,EXCELLENT,15.1,15.1,17.730100000000036,16.581200000000035,8727459.0
2017-03-14,15.32,15.58,EXCELLENT,15.15,15.2,17.735200000000034,16.55980000000004,15046532.0
2017-03-15,15.03,15.3,EXCELLENT,14.85,15.25,17.734850000000037,16.534400000000037,19381783.0
2017-03-16,15.19,15.28,EXCELLENT,15.04,15.08,17.734700000000036,16.50940000000004,11665929.0
2017-03-17,15.08,15.23,EXCELLENT,15.03,15.2,17.735000000000035,16.473800000000036,10989782.0
2017-03-20,15.09,15.11,EXCELLENT,14.82,15.11,17.734450000000038,16.433800000000037,12501894.0
2017-03-21,14.54,15.1,EXCELLENT,14.5,15.08,17.73115000000004,16.38120000000004,19099006.0
2017-03-22,14.98,14.99,EXCELLENT,14.32,14.5,17.72970000000004,16.33080000000004,21050310.0
2017-03-23,14.93,15.05,EXCELLENT,14.73,14.99,17.72935000000004,16.282000000000036,11631874.0
2017-03-24,15.14,15.37,EXCELLENT,15.03,15.06,17.73030000000004,16.238800000000037,15544746.0
2017-03-27,14.99,15.06,EXCELLENT,14.75,15.02,17.732250000000036,16.191000000000038,10461305.0
2017-03-28,14.94,15.17,EXCELLENT,14.8,15.0,17.73685000000004,16.14480000000004,14824613.0
2017-03-29,15.04,15.06,EXCELLENT,14.7,14.86,17.739300000000036,16.106400000000036,11080006.0
2017-03-30,14.92,15.08,EXCELLENT,14.9,15.05,17.737100000000037,16.062600000000035,8446411.0
2017-03-31,14.95,15.06,EXCELLENT,14.91,14.93,17.732050000000037,16.02580000000004,8402610.0
2017-04-03,14.84,14.98,EXCELLENT,14.65,14.97,17.726900000000036,15.991000000000037,11593107.0
2017-04-04,14.69,14.76,EXCELLENT,14.58,14.75,17.719850000000037,15.95260000000004,8925338.0
2017-04-05,14.53,14.82,EXCELLENT,14.41,14.61,17.710800000000038,15.912800000000038,13823697.0
2017-04-06,14.39,14.62,EXCELLENT,14.3,14.53,17.701150000000037,15.866000000000037,18106706.0
2017-04-07,14.29,14.43,EXCELLENT,14.25,14.36,17.691950000000034,15.815600000000039,8247515.0
2017-04-10,14.36,14.46,EXCELLENT,14.2,14.3,17.678550000000037,15.771400000000037,10005913.0
2017-04-11,14.31,14.4,EXCELLENT,14.2,14.3,17.667900000000035,15.718800000000035,7590752.0
2017-04-12,14.42,14.78,EXCELLENT,14.26,14.34,17.660800000000037,15.654800000000034,12916443.0
2017-04-13,14.3,14.5,EXCELLENT,14.22,14.49,17.650200000000037,15.596000000000034,10554106.0
2017-04-17,14.4,14.55,EXCELLENT,14.12,14.3,17.638050000000035,15.528400000000033,10402739.0
2017-04-18,14.44,14.56,EXCELLENT,14.27,14.37,17.625700000000037,15.465000000000034,9701933.0
2017-04-19,14.54,14.79,EXCELLENT,14.44,14.44,17.612000000000037,15.397200000000034,14268086.0
2017-04-20,14.65,14.75,EXCELLENT,14.51,14.58,17.599550000000036,15.325000000000035,9552461.0
2017-04-21,14.63,14.75,EXCELLENT,14.41,14.65,17.58670000000004,15.243200000000034,13788561.0
2017-04-24,14.71,14.82,EXCELLENT,14.56,14.7,17.57340000000004,15.209200000000035,12779234.0
2017-04-25,14.66,14.96,EXCELLENT,14.63,14.71,17.55630000000004,15.190800000000033,20239408.0
2017-04-26,15.82,16.48,EXCELLENT,15.76,15.9,17.546850000000042,15.191000000000036,79001055.0
2017-04-27,16.61,16.63,VERY GOOD,15.8,15.8,17.539400000000043,15.192800000000036,40805736.0
2017-04-28,16.48,16.79,VERY GOOD,16.43,16.5,17.533100000000044,15.187600000000037,25662188.0
2017-05-01,17.54,17.65,VERY GOOD,16.97,17.14,17.53100000000004,15.211400000000035,47011243.0
2017-05-02,18.24,18.53,GOOD,17.35,17.57,17.531800000000043,15.243800000000036,63781263.0
2017-05-03,18.57,18.6,GOOD,18.15,18.37,17.53140000000004,15.286800000000037,29514835.0
2017-05-04,18.48,18.89,GOOD,18.36,18.6,17.532150000000044,15.334800000000037,24565295.0
2017-05-05,18.69,18.73,GOOD,18.37,18.45,17.532800000000044,15.388000000000039,15021615.0
2017-05-08,18.31,18.68,GOOD,18.16,18.68,17.53240000000004,15.434600000000037,18903525.0
2017-05-09,18.37,18.49,GOOD,18.2,18.31,17.53240000000004,15.480800000000038,12461317.0
2017-05-10,18.54,18.56,GOOD,18.25,18.37,17.53185000000004,15.536200000000038,9925652.0
2017-05-11,18.39,18.75,GOOD,18.31,18.63,17.531550000000042,15.588200000000038,12428561.0
2017-05-12,18.61,19.05,GOOD,18.34,18.45,17.545750000000044,15.64460000000004,21953035.0
2017-05-15,19.23,19.32,GOOD,18.63,18.69,17.560350000000042,15.714200000000039,22579879.0
2017-05-16,19.49,19.79,GOOD,19.09,19.38,17.574600000000043,15.79280000000004,35530948.0
2017-05-17,18.28,19.25,GOOD,18.22,18.99,17.582800000000045,15.854800000000042,30011013.0
2017-05-18,18.51,18.61,GOOD,17.97,18.17,17.593250000000047,15.92020000000004,19782310.0
2017-05-19,18.35,18.9,GOOD,18.27,18.68,17.596950000000046,15.98280000000004,16103068.0
2017-05-22,18.43,18.52,GOOD,18.27,18.35,17.598450000000042,16.04900000000004,11279284.0
2017-05-23,18.15,18.51,GOOD,17.98,18.41,17.597900000000042,16.10780000000004,16797183.0
2017-05-24,17.98,18.34,GOOD,17.83,18.1,17.596800000000044,16.161000000000037,15459917.0
2017-05-25,17.95,18.27,GOOD,17.94,18.04,17.593150000000044,16.21940000000004,9539766.0
2017-05-26,18.23,18.3,GOOD,17.95,17.99,17.589100000000045,16.28020000000004,10421985.0
2017-05-30,18.43,18.72,GOOD,18.18,18.21,17.58235000000004,16.347200000000036,18182979.0
2017-05-31,18.32,18.6,GOOD,18.08,18.48,17.576250000000044,16.41180000000004,17259374.0
2017-06-01,18.53,18.66,GOOD,18.2,18.22,17.564600000000045,16.491600000000037,13157802.0
2017-06-02,18.31,18.58,GOOD,18.22,18.53,17.554150000000043,16.558200000000035,9367631.0
2017-06-05,18.23,18.34,GOOD,18.02,18.29,17.544450000000044,16.624200000000037,10536991.0
2017-06-06,17.57,18.15,VERY GOOD,17.47,18.1,17.537300000000045,16.672800000000038,22742960.0
2017-06-07,17.44,17.75,VERY GOOD,17.3,17.62,17.529600000000045,16.72180000000004,15839137.0
2017-06-08,17.59,17.61,VERY GOOD,17.27,17.44,17.52480000000004,16.774800000000038,10528981.0
2017-06-09,16.9,17.66,VERY GOOD,16.45,17.65,17.515850000000043,16.81200000000004,21248699.0
2017-06-12,17.04,17.04,VERY GOOD,16.27,16.73,17.509800000000045,16.85440000000004,20486085.0
2017-06-13,16.97,17.22,VERY GOOD,16.76,17.12,17.50305000000004,16.89480000000004,13214278.0
2017-06-14,16.76,17.13,VERY GOOD,16.57,17.05,17.49535000000004,16.93320000000004,12606139.0
2017-06-15,16.83,16.89,VERY GOOD,16.46,16.53,17.487150000000042,16.976000000000038,11869318.0
2017-06-16,16.67,16.81,VERY GOOD,16.55,16.75,17.478600000000043,17.018800000000038,9916410.0
2017-06-19,17.06,17.08,VERY GOOD,16.75,16.77,17.46785000000004,17.072200000000038,11299944.0
2017-06-20,16.91,17.15,VERY GOOD,16.84,17.15,17.45490000000004,17.124600000000036,8502171.0
2017-06-21,17.78,18.04,VERY GOOD,17.11,17.11,17.446050000000042,17.193000000000037,23609888.0
2017-06-22,18.15,18.38,GOOD,17.66,17.85,17.43715000000004,17.269800000000036,20679559.0
2017-06-23,18.5,18.63,GOOD,18.15,18.15,17.43030000000004,17.351400000000037,19530855.0
2017-10-04,17.75,17.82,EXCELLENT,17.5,17.82,16.919800000000038,16.906800000000043,17329822.0
2017-10-05,18.25,18.29,EXCELLENT,17.74,17.8,16.91985000000004,16.879600000000043,21224398.0
2017-10-06,17.85,18.13,EXCELLENT,17.66,18.03,16.91950000000004,16.89980000000004,16311895.0
2017-10-09,17.67,18.05,EXCELLENT,17.65,17.82,16.92245000000004,16.91820000000004,8791038.0
2018-10-01,28.31,28.7,EXCELLENT,28.0,28.51,32.79425000000009,32.746400000000044,20538923.0
2018-10-02,28.19,28.62,EXCELLENT,27.91,28.14,32.82230000000009,32.444000000000045,17714373.0
2018-10-03,29.01,29.12,EXCELLENT,28.25,28.38,32.856200000000094,32.18080000000005,19358693.0
2018-10-04,28.23,28.76,EXCELLENT,27.87,28.75,32.87395000000009,31.861000000000043,21120350.0
2018-10-05,28.39,28.96,EXCELLENT,27.97,28.34,32.890500000000095,31.570000000000046,28996143.0
2018-10-08,28.45,28.939,EXCELLENT,27.72,28.21,32.906750000000095,31.456600000000048,22114409.0
2018-10-09,29.27,29.565,EXCELLENT,28.34,28.7,32.92785000000009,31.414400000000047,22759247.0
2018-10-10,26.79,29.12,EXCELLENT,26.7614,29.12,32.939500000000095,31.31280000000005,40399372.0
2018-10-11,27.0,27.58,EXCELLENT,26.19,26.3505,32.953200000000095,31.214600000000047,33065282.0
2018-10-12,27.99,28.17,EXCELLENT,27.26,28.09,32.972000000000094,31.11800000000005,27127469.0
2018-10-15,28.61,29.05,EXCELLENT,27.59,27.85,32.99350000000009,31.051000000000045,20225196.0
2018-10-16,29.87,29.89,VERY GOOD,28.84,29.1,33.02280000000009,30.98880000000004,18443044.0
2018-10-17,29.55,30.14,VERY GOOD,28.96,29.95,33.04800000000009,30.92640000000004,19379384.0
2018-10-18,29.29,30.24,EXCELLENT,28.975,29.4,33.07220000000009,30.87540000000004,24174288.0
2018-10-19,28.83,29.79,EXCELLENT,28.68,29.33,33.09640000000009,30.81280000000004,20112939.0
2018-10-22,29.18,29.28,EXCELLENT,28.31,29.05,33.12070000000009,30.75620000000004,21719411.0
2018-10-23,28.77,29.02,EXCELLENT,28.07,28.48,33.141600000000096,30.675600000000042,26503639.0
2018-10-24,27.54,29.77,EXCELLENT,27.305,28.85,33.158450000000094,30.56260000000004,37910189.0
2018-10-25,31.8,33.67,VERY GOOD,30.76,31.32,33.1962000000001,30.551000000000034,79251011.0
2018-10-26,32.36,33.1353,VERY GOOD,30.94,31.2,33.23625000000009,30.541600000000034,47746954.0
2018-10-29,32.39,33.75,VERY GOOD,31.62,32.46,33.27115000000009,30.534800000000036,40899855.0
2018-10-30,33.86,34.55,GOOD,31.3,31.77,33.31715000000009,30.560000000000038,43678167.0
2018-10-31,34.75,35.6373,GOOD,34.35,34.37,33.36810000000009,30.581200000000035,33063723.0
2018-11-01,34.62,34.91,GOOD,33.82,34.6,33.42100000000009,30.597400000000036,27497952.0
2018-11-02,34.3,35.35,GOOD,33.85,34.87,33.47420000000009,30.60580000000003,23994750.0
2018-11-05,34.02,34.28,GOOD,33.37,34.26,33.527700000000095,30.600600000000032,18214274.0
2018-11-06,34.42,34.8123,GOOD,33.84,33.96,33.58605000000009,30.57120000000003,15508315.0
2018-11-07,34.99,35.12,GOOD,34.38,34.75,33.6491500000001,30.56120000000003,16802102.0
2018-11-08,34.18,34.99,GOOD,33.87,34.88,33.7092500000001,30.537800000000033,15146446.0
2018-11-09,34.08,34.42,GOOD,33.39,33.75,33.7583000000001,30.50660000000003,16034666.0
2018-11-12,32.01,34.105,VERY GOOD,31.78,34.0,33.792450000000095,30.44320000000003,18147501.0
2018-11-13,32.49,32.85,VERY GOOD,31.47,32.24,33.82680000000009,30.396200000000032,17206289.0
2018-11-14,32.91,33.85,VERY GOOD,32.75,32.89,33.86230000000009,30.39980000000003,19448666.0
2018-11-15,33.15,33.36,GOOD,32.62,32.79,33.892350000000086,30.446600000000036,16824777.0
2018-11-16,33.67,33.92,GOOD,32.6,32.83,33.931100000000086,30.510200000000037,17904095.0
2018-11-19,31.98,33.6,VERY GOOD,31.84,33.56,33.965350000000086,30.539000000000037,15745042.0
2018-11-20,31.06,31.735,VERY GOOD,29.94,29.97,33.994450000000086,30.542400000000033,20927590.0
2018-11-21,31.61,32.08,VERY GOOD,31.1,31.67,34.017950000000084,30.57960000000003,16466856.0
2018-11-23,31.12,31.96,VERY GOOD,31.11,31.3,34.022650000000084,30.59420000000003,5813907.0
2018-11-26,32.82,32.87,VERY GOOD,31.52,31.5973,34.02920000000008,30.648200000000028,17095995.0
2018-11-27,32.61,33.1,VERY GOOD,32.36,32.44,34.03750000000008,30.72320000000003,10727428.0
2018-11-28,32.73,33.0,VERY GOOD,31.72,33.0,34.03395000000008,30.79340000000003,19073306.0
2018-11-29,31.3,32.54,VERY GOOD,29.87,32.46,34.02170000000008,30.82900000000003,50505661.0
2018-11-30,31.45,31.55,VERY GOOD,30.11,31.15,34.010900000000085,30.861000000000033,25833199.0
2018-12-03,33.66,33.85,GOOD,32.21,32.24,34.01390000000008,30.964200000000034,24021142.0
2018-12-04,32.56,34.16,VERY GOOD,32.5,33.28,34.01250000000008,31.043400000000034,22471983.0
2018-12-06,32.96,32.97,VERY GOOD,31.11,32.46,34.01040000000008,31.120400000000036,25922799.0
2018-12-07,32.83,34.37,VERY GOOD,32.675,32.84,34.01400000000008,31.196800000000035,29497106.0
2018-12-10,33.43,33.64,GOOD,32.255,32.73,34.01785000000009,31.277000000000033,19971133.0
2018-12-11,34.45,35.75,GOOD,33.88,34.13,34.029300000000084,31.396800000000034,30118556.0
2018-12-12,36.25,37.135,GOOD,34.85,34.97,34.053950000000086,31.555600000000037,32608549.0
2018-12-13,35.89,36.49,GOOD,35.3,36.4,34.07410000000009,31.709600000000037,22831609.0
2018-12-14,35.87,36.62,GOOD,35.05,35.25,34.09225000000009,31.846800000000034,19528499.0
2018-12-17,33.43,35.7,GOOD,33.2,35.68,34.09440000000009,31.950800000000037,23880855.0
2018-12-18,33.74,34.17,GOOD,33.08,33.63,34.09020000000009,32.057800000000036,18885118.0
2018-12-19,32.93,34.7,VERY GOOD,32.66,33.71,34.08270000000009,32.14740000000003,24784326.0
2018-12-20,29.29,32.72,EXCELLENT,28.51,32.59,34.05035000000009,32.14780000000003,51983015.0
2018-12-21,27.31,29.76,EXCELLENT,27.04,29.31,34.01265000000009,32.158200000000036,38714140.0
2018-12-24,26.45,27.27,EXCELLENT,26.26,26.55,33.96815000000009,32.14720000000003,18208306.0
2018-12-26,28.66,28.7,EXCELLENT,26.8,27.0,33.93395000000009,32.16060000000004,35529619.0
2018-12-27,28.68,28.92,EXCELLENT,27.26,28.14,33.90680000000009,32.16200000000004,31987721.0
2018-12-28,28.43,29.14,EXCELLENT,27.84,28.93,33.86595000000009,32.133200000000045,21820474.0
2018-12-31,28.74,29.13,EXCELLENT,28.34,28.6,33.830650000000084,32.11700000000005,15975022.0
2019-01-02,28.81,28.987,EXCELLENT,27.87,28.26,33.79680000000009,32.10740000000004,15053718.0
2019-01-03,27.99,29.18,EXCELLENT,27.94,28.38,33.76185000000009,32.090600000000045,19051650.0
2019-01-04,29.95,30.1,VERY GOOD,28.31,28.39,33.75485000000009,32.106000000000044,23412594.0
2019-01-07,31.34,31.38,VERY GOOD,29.768,30.2,33.747900000000094,32.157400000000045,19917785.0
2019-01-08,31.8,32.05,VERY GOOD,30.91,31.7,33.750900000000094,32.242600000000046,18915169.0
2019-01-09,32.25,32.4,VERY GOOD,31.54,31.8,33.75700000000009,32.251600000000046,14554404.0
2019-01-10,33.09,33.5,GOOD,32.26,33.08,33.762900000000094,32.26620000000005,30504455.0
2019-01-11,32.87,33.2,VERY GOOD,32.43,32.85,33.786900000000095,32.27580000000004,17732289.0
2019-01-14,32.37,32.75,VERY GOOD,32.12,32.38,33.8065000000001,32.24600000000004,9523030.0
2019-01-15,33.02,33.35,VERY GOOD,32.45,32.51,33.8265500000001,32.21140000000004,13548207.0
2019-01-16,32.47,33.3,VERY GOOD,32.44,33.1,33.8487000000001,32.16840000000004,10130195.0
2019-01-17,32.85,33.085,VERY GOOD,32.39,32.47,33.8752500000001,32.139400000000045,12059708.0
2019-01-18,33.27,33.89,GOOD,32.77,33.05,33.9003500000001,32.124400000000044,16776795.0
2019-01-22,32.25,33.35,VERY GOOD,31.925,32.97,33.918400000000105,32.08100000000004,17780790.0
2019-01-23,30.97,32.45,VERY GOOD,30.72,32.26,33.9327500000001,32.00060000000004,21084440.0
2019-01-24,31.61,31.73,VERY GOOD,30.91,30.94,33.9507500000001,31.949200000000037,12470397.0
2019-01-25,32.9,33.62,VERY GOOD,31.98,31.99,33.9676000000001,31.925600000000042,22522440.0
2019-01-28,33.13,33.2,GOOD,32.12,32.65,33.9863000000001,31.948000000000043,21750772.0
2019-01-29,31.64,33.55,VERY GOOD,31.46,33.33,33.9995000000001,31.931000000000044,18849804.0
2019-01-30,32.26,32.38,VERY GOOD,31.42,32.04,34.017000000000095,31.918000000000042,17142508.0
2019-01-31,33.56,33.69,GOOD,32.79,33.07,34.0419000000001,31.92620000000004,21211309.0
2019-02-01,33.19,34.09,GOOD,32.96,33.56,34.048650000000094,31.916600000000038,18816582.0
2019-02-04,33.94,34.18,GOOD,33.24,33.34,34.060650000000095,31.95580000000004,14244111.0
2019-02-05,34.37,34.57,GOOD,33.92,34.29,34.074800000000096,32.02200000000004,17610232.0
2019-02-06,34.16,35.25,GOOD,33.75,35.05,34.08605000000009,32.07300000000004,34058034.0
2019-02-07,30.8,31.73,VERY GOOD,30.31,31.17,34.083950000000094,32.066600000000044,69764059.0
2019-02-08,30.01,30.74,VERY GOOD,29.42,30.47,34.081650000000096,32.01040000000005,40669782.0
2019-02-11,30.23,30.44,VERY GOOD,29.6598,30.17,34.08405000000009,31.962800000000048,28838151.0
2019-02-12,30.39,30.8,VERY GOOD,30.23,30.44,34.084650000000096,31.91600000000005,20315266.0
2019-02-13,31.12,31.84,VERY GOOD,30.55,30.57,34.09525000000009,31.912400000000048,29683308.0
2019-02-14,30.96,31.28,VERY GOOD,30.6,30.86,34.09850000000009,31.90260000000005,15321099.0
2019-02-15,31.23,31.8,VERY GOOD,30.97,31.2,34.103150000000085,31.854000000000045,17591516.0
2019-02-19,31.65,32.11,VERY GOOD,31.15,31.23,34.10865000000008,31.83580000000005,14391680.0
2019-02-20,31.37,31.93,VERY GOOD,31.21,31.71,34.112150000000085,31.804000000000045,16871139.0
2019-02-21,30.76,31.48,VERY GOOD,30.6,31.36,34.11075000000008,31.76260000000005,13944892.0
2019-02-22,31.71,31.73,VERY GOOD,30.81,30.81,34.11265000000009,31.728200000000047,15413439.0
2019-02-25,31.99,32.71,VERY GOOD,31.88,31.99,34.11335000000008,31.679000000000045,15061331.0
2019-02-26,31.01,31.96,VERY GOOD,30.99,31.89,34.10610000000008,31.574200000000047,17519063.0
2019-02-27,30.41,31.0,VERY GOOD,29.9,30.95,34.09380000000008,31.464600000000047,24639117.0
2019-02-28,30.78,30.79,VERY GOOD,30.01,30.25,34.08395000000008,31.362800000000046,15242855.0
2019-03-01,30.62,31.19,VERY GOOD,30.28,31.17,34.07010000000008,31.306600000000046,12360706.0
2019-03-04,30.5,31.26,VERY GOOD,30.065,30.78,34.05885000000008,31.241800000000044,15920363.0
2019-03-05,31.03,31.23,VERY GOOD,30.39,30.5,34.05015000000007,31.203800000000044,13073531.0
2019-03-06,30.8,31.339,VERY GOOD,30.585,30.94,34.041250000000076,31.23400000000004,10938592.0
2019-03-07,30.12,30.84,VERY GOOD,30.01,30.76,34.02870000000008,31.29020000000004,15779860.0
2019-03-08,30.04,30.21,VERY GOOD,29.41,29.64,34.01075000000007,31.362000000000037,11964309.0
2019-03-11,30.87,30.91,VERY GOOD,30.24,30.24,34.000800000000076,31.406200000000034,16013214.0
2019-03-12,31.16,31.41,VERY GOOD,30.885,31.15,33.98950000000008,31.455800000000036,12324334.0
2019-03-13,31.3,31.48,VERY GOOD,31.04,31.31,33.97840000000007,31.513200000000033,10201337.0
2019-03-14,31.03,31.55,VERY GOOD,30.94,31.28,33.96540000000007,31.559000000000033,12090588.0
2019-03-15,31.22,31.41,VERY GOOD,30.71,31.04,33.951300000000074,31.607200000000034,17522706.0
2019-03-18,31.08,31.58,VERY GOOD,30.84,31.25,33.93490000000008,31.669000000000032,13172614.0
2019-03-19,31.27,31.5,VERY GOOD,30.88,31.15,33.917750000000076,31.69540000000003,15557439.0
2019-03-20,32.57,32.65,VERY GOOD,31.16,31.24,33.89735000000008,31.72000000000003,22373782.0
2019-03-21,32.61,32.69,VERY GOOD,32.03,32.31,33.87100000000007,31.736200000000032,13346906.0
2019-03-22,33.02,34.21,VERY GOOD,32.34,32.5,33.83710000000008,31.751600000000032,28034683.0
2019-03-25,32.59,33.3,VERY GOOD,32.28,32.83,33.799550000000075,31.74160000000003,15272347.0
2019-03-26,33.06,33.86,VERY GOOD,32.92,32.98,33.76635000000008,31.745400000000032,17252299.0
2019-03-27,32.28,33.4522,VERY GOOD,31.95,32.93,33.72170000000008,31.743600000000033,13669409.0
2019-03-28,32.87,32.93,VERY GOOD,31.73,32.29,33.67895000000008,31.740600000000033,17750596.0
2019-03-29,32.88,33.24,VERY GOOD,32.47,33.1,33.62590000000008,31.74880000000003,13529256.0
2019-04-01,33.44,33.68,GOOD,32.7,33.16,33.57275000000008,31.760600000000036,12499656.0
2019-04-02,33.75,33.89,GOOD,33.23,33.44,33.50770000000008,31.770200000000035,11638013.0
2019-04-03,34.38,34.76,GOOD,33.81,34.0,33.45060000000008,31.81280000000004,18040972.0
2019-04-04,34.42,35.1353,GOOD,33.9,34.7,33.392700000000076,31.88180000000004,14604127.0
2019-04-05,34.72,34.7999,GOOD,34.37,34.55,33.341550000000076,31.94400000000004,9571670.0
2019-04-08,34.86,35.06,GOOD,34.51,34.79,33.285200000000074,31.98320000000004,10655009.0
2019-04-09,35.14,35.39,GOOD,34.8068,34.84,33.23470000000008,32.02340000000004,13889711.0
2019-04-10,34.75,35.27,GOOD,34.5125,35.26,33.17905000000008,32.085600000000035,11648786.0
2019-04-11,34.58,34.87,GOOD,34.41,34.75,33.13110000000008,32.13200000000003,10982651.0
2019-04-12,34.37,34.83,GOOD,34.11,34.67,33.07875000000008,32.14820000000003,12713801.0
2019-04-15,34.71,35.03,GOOD,34.34,34.38,33.03380000000008,32.17860000000003,10248382.0
2019-04-16,34.46,34.99,GOOD,34.23,34.84,32.982150000000075,32.189000000000036,9396320.0
2019-04-17,34.48,34.9,GOOD,34.2,34.73,32.93620000000008,32.19120000000004,9022995.0
2019-04-18,34.4,34.86,GOOD,34.32,34.67,32.88330000000008,32.19600000000003,9806113.0
2019-04-22,34.39,34.615,GOOD,33.82,34.4,32.83580000000008,32.26780000000004,19704288.0
2019-04-23,39.77,40.535,BAD,36.91,36.93,32.80935000000008,32.46300000000004,104262474.0
2019-04-24,39.29,39.95,BAD,38.8,39.86,32.77255000000008,32.64420000000004,30266862.0
